,日期,股票代號,股票名稱,開盤價,最高價,最低價,Close,漲跌,漲幅...,振幅...,成交量,成交筆數,成交金額.千.,均張,成交量變動...,均張變動...,股本.百萬.,總市值.億.,市值比重...,本益比,股價淨值比,本益比.近四季.,週轉率...,成交值比重...,漲跌停,均價,成交量.股.,RTIME
1571,20140127,TWA00,加權指數,8519.48,8519.48,8442.19,8462.57,-135.74,-1.58,0.9,4003707.0,921393.0,100416759.0,4.3,12.2,-8.51,6524759.0,240072.0,100.0,14.6,1.74,18.4,0.42,,,25.08,4003706710.0,123459.0
3259,20140124,TWA00,加權指數,8581.49,8608.64,8577.14,8598.31,3.21,0.04,0.37,3568470.0,763040.0,83743644.0,4.7,-11.38,-2.08,6523929.0,243895.0,100.0,14.8,1.76,18.7,0.34,,,23.47,3568470362.0,123459.0
4945,20140123,TWA00,加權指數,8644.56,8647.87,8595.1,8595.1,-30.2,-0.35,0.61,4026746.0,838436.0,88670076.0,4.8,-4.96,-2.04,6523929.0,243813.0,100.0,14.8,1.76,18.7,0.36,,,22.02,4026745869.0,123459.0
6631,20140122,TWA00,加權指數,8598.98,8633.57,8596.99,8625.3,25.4,0.3,0.43,4236741.0,860681.0,92716106.0,4.9,-12.01,-3.92,6523581.0,244662.0,100.0,14.9,1.77,18.7,0.38,,,21.88,4236741166.0,123459.0
8317,20140121,TWA00,加權指數,8639.71,8650.14,8599.9,8599.9,-21.66,-0.25,0.58,4815021.0,947496.0,106892618.0,5.1,10.28,4.08,6523269.0,243945.0,100.0,14.8,1.76,18.7,0.44,,,22.2,4815020744.0,123459.0
10003,20140120,TWA00,加權指數,8595.59,8636.21,8584.5,8621.56,25.56,0.3,0.6,4366334.0,899847.0,97398333.0,4.9,-3.41,-5.77,6523269.0,244569.0,100.0,14.9,1.77,18.7,0.4,,,22.31,4366334148.0,123459.0
11688,20140117,TWA00,加權指數,8628.49,8628.86,8580.49,8596.0,-16.11,-0.19,0.56,4520608.0,868037.0,106897673.0,5.2,-10.96,4.0,6523269.0,243836.0,100.0,14.8,1.76,18.7,0.44,,,23.65,4520607851.0,123459.0
13372,20140116,TWA00,加權指數,8653.54,8668.95,8610.24,8612.11,9.56,0.11,0.68,5077338.0,1016690.0,109194181.0,5.0,-4.55,-3.85,6522419.0,244246.0,100.0,14.9,1.77,18.7,0.45,,,21.51,5077337947.0,123459.0
15056,20140115,TWA00,加權指數,8567.81,8619.56,8567.81,8602.55,54.41,0.64,0.61,5319587.0,1018135.0,117234122.0,5.2,25.25,4.0,6526475.0,245567.0,100.0,14.9,1.77,18.8,0.48,,,22.04,5319587288.0,123459.0
16740,20140114,TWA00,加權指數,8545.46,8568.31,8523.46,8548.14,-18.06,-0.21,0.52,4247024.0,848873.0,83923065.0,5.0,-8.34,2.04,6526475.0,244054.0,100.0,14.8,1.76,18.6,0.34,,,19.76,4247023670.0,123459.0
18422,20140113,TWA00,加權指數,8587.49,8607.23,8558.96,8566.2,36.85,0.43,0.57,4633451.0,938292.0,94243738.0,4.9,-2.89,-2.0,6525672.0,244423.0,100.0,14.8,1.77,18.7,0.39,,,20.34,4633450841.0,123459.0
20103,20140110,TWA00,加權指數,8559.18,8559.18,8521.5,8529.35,14.67,0.17,0.44,4771244.0,962702.0,100738211.0,5.0,-23.99,2.04,6529747.0,243397.0,100.0,14.8,1.76,18.6,0.41,,,21.11,4771243707.0,123459.0
21784,20140109,TWA00,加權指數,8555.8,8569.11,8506.02,8514.68,-41.33,-0.48,0.74,6277065.0,1273329.0,135377950.0,4.9,15.22,0.0,6529756.0,242992.0,100.0,14.8,1.75,18.6,0.56,,,21.57,6277065462.0,123459.0
23465,20140108,TWA00,加權指數,8548.61,8587.08,8548.61,8556.01,43.71,0.51,0.45,5447852.0,1117566.0,117221977.0,4.9,21.35,4.26,6529756.0,244176.0,100.0,14.8,1.76,18.7,0.48,,,21.52,5447851596.0,123459.0
25145,20140107,TWA00,加權指數,8515.36,8547.19,8512.3,8512.3,12.29,0.14,0.41,4489317.0,951094.0,97181535.0,4.7,-1.48,0.0,6529756.0,242909.0,100.0,14.7,1.75,18.6,0.4,,,21.65,4489316946.0,123459.0
26825,20140106,TWA00,加權指數,8553.0,8568.24,8488.64,8500.01,-46.53,-0.54,0.93,4556811.0,960723.0,96095771.0,4.7,3.42,0.0,6529794.0,242551.0,100.0,14.7,1.75,18.5,0.4,,,21.09,4556810541.0,123459.0
28504,20140103,TWA00,加權指數,8584.74,8584.74,8537.86,8546.54,-66.0,-0.77,0.54,4406185.0,936152.0,93481463.0,4.7,-1.27,-4.08,6529794.0,243899.0,100.0,14.8,1.76,18.6,0.38,,,21.22,4406184851.0,123459.0
30182,20140102,TWA00,加權指數,8618.6,8632.81,8587.54,8612.54,1.03,0.01,0.53,4462793.0,910452.0,92115397.0,4.9,6.81,-2.0,6529794.0,245759.0,100.0,14.9,1.77,18.8,0.37,,,20.64,4462792827.0,123459.0
31865,20140227,TWA00,加權指數,8626.51,8647.9,8615.41,8639.58,38.72,0.45,0.38,4544427.0,912773.0,103620620.0,5.0,-8.4,-1.96,6539729.0,246122.0,100.0,15.1,1.78,18.8,0.42,,,22.8,4544427456.0,123459.0
33553,20140226,TWA00,加權指數,8569.04,8626.68,8563.87,8600.86,25.24,0.29,0.73,4960947.0,980319.0,104799556.0,5.1,11.8,0.0,6538856.0,244987.0,100.0,15.0,1.77,18.8,0.43,,,21.12,4960946789.0,123459.0
35239,20140225,TWA00,加權指數,8581.14,8598.73,8564.51,8575.62,15.01,0.18,0.4,4437477.0,878449.0,92062776.0,5.1,-1.58,-1.92,6538856.0,244266.0,100.0,14.9,1.76,18.7,0.38,,,20.75,4437477089.0,123459.0
36923,20140224,TWA00,加權指數,8603.61,8612.21,8541.65,8560.61,-41.25,-0.48,0.82,4508540.0,862102.0,86206509.0,5.2,-4.08,1.96,6538176.0,243811.0,100.0,14.9,1.76,18.7,0.35,,,19.12,4508539839.0,123459.0
38605,20140221,TWA00,加權指數,8571.29,8612.08,8571.29,8601.86,77.24,0.91,0.48,4700308.0,926531.0,94874122.0,5.1,2.41,4.08,6538163.0,244958.0,100.0,15.0,1.77,18.8,0.39,,,20.18,4700308126.0,123459.0
40286,20140220,TWA00,加權指數,8555.27,8567.5,8513.08,8524.62,-52.39,-0.61,0.63,4589538.0,944186.0,95992737.0,4.9,9.62,2.08,6537963.0,242771.0,100.0,14.9,1.75,18.6,0.4,,,20.92,4589537803.0,123459.0
41967,20140219,TWA00,加權指數,8565.06,8577.01,8543.15,8577.01,20.78,0.24,0.4,4186950.0,879961.0,86599784.0,4.8,12.14,-4.0,6535572.0,244186.0,100.0,14.9,1.76,18.7,0.35,,,20.68,4186950071.0,123459.0
43649,20140218,TWA00,加權指數,8530.81,8556.23,8506.06,8556.23,36.68,0.43,0.59,3733814.0,752994.0,73462690.0,5.0,1.27,0.0,6530672.0,243549.0,100.0,14.9,1.76,18.6,0.3,,,19.67,3733814444.0,123459.0
45331,20140217,TWA00,加權指數,8537.83,8558.5,8512.6,8519.55,5.87,0.07,0.54,3686837.0,740705.0,73226256.0,5.0,-14.67,4.17,6530672.0,242503.0,100.0,14.8,1.75,18.6,0.3,,,19.86,3686837384.0,123459.0
47014,20140214,TWA00,加權指數,8524.54,8566.99,8508.24,8513.68,45.98,0.54,0.69,4320602.0,898979.0,90874517.0,4.8,6.6,-7.69,6536749.0,242655.0,100.0,14.8,1.75,18.6,0.37,,,21.03,4320602347.0,123459.0
48697,20140213,TWA00,加權指數,8506.22,8511.02,8467.7,8467.7,-43.17,-0.51,0.51,4053166.0,773334.0,76687623.0,5.2,-13.28,1.96,6536175.0,241293.0,100.0,14.8,1.74,18.5,0.32,,,18.92,4053166036.0,123459.0
50381,20140212,TWA00,加權指數,8471.51,8510.87,8471.51,8510.87,80.31,0.95,0.47,4674053.0,916499.0,97458754.0,5.1,19.41,2.0,6536175.0,242544.0,100.0,14.8,1.75,18.6,0.4,,,20.85,4674053480.0,123459.0
52066,20140211,TWA00,加權指數,8413.86,8439.33,8401.54,8430.56,38.61,0.46,0.45,3914312.0,782841.0,80594554.0,5.0,-1.42,4.17,6536010.0,240251.0,100.0,14.7,1.74,18.4,0.34,,,20.59,3914312163.0,123459.0
53753,20140210,TWA00,加權指數,8416.42,8447.02,8391.95,8391.95,4.6,0.05,0.66,3970823.0,826541.0,79905996.0,4.8,-8.68,6.67,6536030.0,239159.0,100.0,14.6,1.73,18.3,0.33,,,20.12,3970822789.0,123459.0
55440,20140207,TWA00,加權指數,8383.99,8409.03,8356.93,8387.35,76.34,0.92,0.63,4348438.0,970808.0,97634193.0,4.5,-0.89,2.27,6534550.0,238985.0,100.0,14.6,1.73,18.3,0.41,,,22.45,4348437885.0,123459.0
57127,20140206,TWA00,加權指數,8286.16,8333.56,8284.77,8311.01,46.53,0.56,0.59,4387576.0,998868.0,104384469.0,4.4,-9.38,7.32,6534550.0,236797.0,100.0,14.5,1.71,18.1,0.44,,,23.79,4387575958.0,123459.0
58814,20140205,TWA00,加權指數,8290.17,8313.83,8230.46,8264.48,-198.09,-2.34,0.99,4841976.0,1190962.0,135802903.0,4.1,20.94,-4.65,6531550.0,235406.0,100.0,14.4,1.7,18.0,0.58,,,28.05,4841976045.0,123459.0
60504,20140331,TWA00,加權指數,8802.93,8849.28,8769.97,8849.28,74.64,0.85,0.9,4079090.0,783043.0,87954816.0,5.2,-10.99,4.0,6550548.0,252459.0,100.0,15.4,1.67,17.2,0.35,,,21.56,4079089584.0,123459.0
62195,20140328,TWA00,加權指數,8779.91,8812.41,8751.07,8774.64,-4.93,-0.06,0.7,4582915.0,915068.0,100607158.0,5.0,-3.45,-3.85,6547832.0,250142.0,100.0,15.2,1.81,19.1,0.4,,,21.95,4582915112.0,123459.0
63885,20140327,TWA00,加權指數,8737.56,8780.42,8723.82,8779.57,42.3,0.48,0.65,4746817.0,911289.0,99920732.0,5.2,2.01,0.0,6547147.0,250164.0,100.0,15.2,1.81,19.1,0.4,,,21.05,4746817429.0,123459.0
65575,20140326,TWA00,加權指數,8741.03,8746.71,8717.79,8737.27,47.97,0.55,0.33,4653433.0,889489.0,93659737.0,5.2,13.39,0.0,6547147.0,248956.0,100.0,15.2,1.8,19.0,0.38,,,20.13,4653433331.0,123459.0
67265,20140325,TWA00,加權指數,8589.19,8689.3,8589.19,8689.3,83.92,0.98,1.16,4103751.0,796095.0,83783595.0,5.2,4.83,4.0,6547147.0,247598.0,100.0,15.1,1.79,18.9,0.34,,,20.42,4103750597.0,123459.0
68955,20140324,TWA00,加權指數,8540.27,8605.38,8508.01,8605.38,28.21,0.33,1.14,3914767.0,776062.0,79833701.0,5.0,-11.27,-7.41,6540196.0,245113.0,100.0,14.9,1.77,18.8,0.33,,,20.39,3914766709.0,123459.0
70645,20140321,TWA00,加權指數,8642.82,8642.82,8562.57,8577.17,-20.16,-0.23,0.93,4411770.0,819136.0,95595391.0,5.4,-1.49,10.2,6540196.0,244322.0,100.0,14.9,1.76,18.7,0.39,,,21.67,4411770194.0,123459.0
72335,20140320,TWA00,加權指數,8638.59,8638.59,8580.4,8597.33,-92.13,-1.06,0.67,4478618.0,907336.0,94359399.0,4.9,-5.27,-3.92,6540196.0,244910.0,100.0,14.9,1.77,18.7,0.39,,,21.07,4478617817.0,123459.0
74025,20140319,TWA00,加權指數,8745.02,8749.8,8682.75,8689.46,-42.48,-0.49,0.77,4727772.0,923395.0,101056519.0,5.1,1.96,2.0,6540196.0,247535.0,100.0,15.1,1.79,18.9,0.41,,,21.38,4727772482.0,123459.0
75715,20140318,TWA00,加權指數,8747.38,8759.55,8713.51,8731.94,31.84,0.37,0.53,4636803.0,927074.0,99658154.0,5.0,12.18,2.04,6540196.0,248745.0,100.0,15.1,1.8,19.0,0.4,,,21.49,4636802848.0,123459.0
77405,20140317,TWA00,加權指數,8697.26,8708.4,8662.49,8700.1,12.47,0.14,0.53,4133191.0,837318.0,86311555.0,4.9,-0.82,2.08,6540191.0,247834.0,100.0,15.1,1.79,19.0,0.35,,,20.88,4133190944.0,123459.0
79095,20140314,TWA00,加權指數,8697.73,8709.56,8677.81,8687.63,-60.16,-0.69,0.36,4167290.0,869857.0,91959512.0,4.8,-16.35,-4.0,6540191.0,247478.0,100.0,15.1,1.79,18.9,0.37,,,22.07,4167290223.0,123459.0
80784,20140313,TWA00,加權指數,8737.81,8768.66,8732.15,8747.79,63.06,0.73,0.42,4981956.0,1000024.0,114111360.0,5.0,16.13,-1.96,6540191.0,249193.0,100.0,15.2,1.8,19.1,0.46,,,22.9,4981956101.0,123459.0
82473,20140312,TWA00,加權指數,8671.4,8684.73,8651.99,8684.73,-17.6,-0.2,0.38,4289833.0,849293.0,84701103.0,5.1,2.3,4.08,6540191.0,247400.0,100.0,15.1,1.79,18.9,0.34,,,19.74,4289833498.0,123459.0
84162,20140311,TWA00,加權指數,8694.96,8716.31,8684.63,8702.33,37.09,0.43,0.37,4193336.0,860336.0,88207898.0,4.9,4.93,0.0,6540130.0,247901.0,100.0,15.1,1.79,19.0,0.36,,,21.04,4193335663.0,123459.0
85850,20140310,TWA00,加權指數,8706.43,8712.88,8651.54,8665.24,-48.72,-0.56,0.7,3996417.0,819842.0,87395085.0,4.9,-28.99,0.0,6540126.0,246841.0,100.0,15.0,1.78,18.9,0.35,,,21.87,3996416805.0,123459.0
87538,20140307,TWA00,加權指數,8754.74,8787.62,8698.6,8713.96,0.17,0.0,1.02,5627631.0,1157993.0,131025385.0,4.9,9.01,0.0,6540256.0,248236.0,100.0,15.1,1.79,19.0,0.53,,,23.28,5627630997.0,123459.0
89226,20140306,TWA00,加權指數,8660.29,8719.17,8660.29,8713.79,80.86,0.94,0.68,5162262.0,1056581.0,119654202.0,4.9,15.03,4.26,6540254.0,248242.0,100.0,15.1,1.79,19.0,0.48,,,23.18,5162262113.0,123459.0
90914,20140305,TWA00,加權指數,8622.19,8652.22,8622.19,8632.93,78.39,0.92,0.35,4487916.0,948230.0,104272510.0,4.7,6.64,2.17,6540260.0,245942.0,100.0,15.0,1.78,18.8,0.42,,,23.23,4487916315.0,123459.0
92602,20140304,TWA00,加權指數,8583.58,8595.59,8554.54,8554.54,-47.44,-0.55,0.48,4208365.0,905315.0,92214780.0,4.6,-3.93,-2.13,6540010.0,243719.0,100.0,14.8,1.76,18.6,0.38,,,21.91,4208364875.0,123459.0
94290,20140303,TWA00,加權指數,8627.15,8628.05,8545.24,8601.98,-37.6,-0.44,0.96,4380580.0,939333.0,101581908.0,4.7,-3.61,-6.0,6540006.0,245061.0,100.0,14.9,1.77,18.8,0.41,,,23.19,4380579514.0,123459.0
95983,20140430,TWA00,加權指數,8885.7,8890.09,8791.44,8791.44,-80.67,-0.91,1.11,4980418.0,880114.0,110640382.0,5.7,5.53,-1.72,6570113.0,251421.0,100.0,15.2,1.66,17.1,0.44,,,22.22,4980417785.0,123459.0
97675,20140429,TWA00,加權指數,8845.6,8884.48,8833.37,8872.11,62.4,0.71,0.58,4719246.0,807332.0,93090656.0,5.8,-3.9,5.45,6568542.0,253697.0,100.0,15.3,1.68,17.2,0.37,,,19.73,4719245735.0,123459.0
99368,20140428,TWA00,加權指數,8680.14,8825.93,8671.65,8809.71,35.59,0.41,1.76,4910988.0,886946.0,98430516.0,5.5,-22.75,3.77,6568372.0,251924.0,100.0,15.2,1.67,17.1,0.39,,,20.04,4910988041.0,123459.0
101061,20140425,TWA00,加權指數,8945.81,8951.06,8749.51,8774.12,-171.33,-1.92,2.25,6357271.0,1197642.0,134880900.0,5.3,28.38,-3.64,6568374.0,250862.0,100.0,15.1,1.66,17.0,0.54,,,21.22,6357271423.0,123459.0
102754,20140424,TWA00,加權指數,8968.82,8971.94,8926.55,8945.45,-11.47,-0.13,0.51,4951922.0,906677.0,96147310.0,5.5,-8.38,0.0,6567353.0,255747.0,100.0,15.4,1.69,17.4,0.38,,,19.42,4951922338.0,123459.0
104447,20140423,TWA00,加權指數,9009.59,9022.28,8947.86,8956.92,-17.79,-0.2,0.83,5405090.0,976908.0,105718330.0,5.5,13.39,-5.17,6566981.0,256082.0,100.0,15.4,1.7,17.4,0.41,,,19.56,5405089540.0,123459.0
106139,20140422,TWA00,加權指數,8956.22,8989.06,8955.19,8974.71,23.52,0.26,0.38,4766760.0,822023.0,88192880.0,5.8,23.08,1.75,6566630.0,256550.0,100.0,15.5,1.7,17.4,0.34,,,18.5,4766759708.0,123459.0
107831,20140421,TWA00,加權指數,8961.52,8965.58,8938.47,8951.19,-15.47,-0.17,0.3,3872743.0,679797.0,67124930.0,5.7,-3.93,0.0,6566630.0,255869.0,100.0,15.4,1.69,17.4,0.26,,,17.33,3872742985.0,123459.0
109523,20140418,TWA00,加權指數,8994.77,9002.7,8945.56,8966.66,22.5,0.25,0.64,4031284.0,707969.0,71049576.0,5.7,-18.0,3.64,6566000.0,256277.0,100.0,15.5,1.7,17.4,0.28,,,17.62,4031283534.0,123459.0
111215,20140417,TWA00,加權指數,8942.23,8962.66,8921.56,8944.16,20.34,0.23,0.46,4916168.0,889410.0,95942781.0,5.5,6.0,5.77,6559000.0,255534.0,100.0,15.4,1.69,17.4,0.38,,,19.52,4916167851.0,123459.0
112908,20140416,TWA00,加權指數,8921.07,8968.56,8894.29,8923.82,7.11,0.08,0.83,4638033.0,896077.0,94898347.0,5.2,4.65,-5.45,6559001.0,254934.0,100.0,15.4,1.69,17.3,0.37,,,20.46,4638032795.0,123459.0
114601,20140415,TWA00,加權指數,8898.65,8918.94,8889.44,8916.71,59.29,0.67,0.33,4431826.0,806348.0,90435231.0,5.5,15.68,7.84,6559001.0,254718.0,100.0,15.4,1.69,17.3,0.36,,,20.41,4431826264.0,123459.0
116294,20140414,TWA00,加權指數,8897.23,8899.51,8852.66,8857.42,-50.63,-0.57,0.53,3831080.0,757411.0,78707819.0,5.1,-17.04,2.0,6559001.0,253042.0,100.0,15.3,1.68,17.2,0.31,,,20.54,3831079928.0,123459.0
117987,20140411,TWA00,加權指數,8900.13,8909.97,8848.24,8908.05,-40.05,-0.45,0.69,4617852.0,920681.0,97132645.0,5.0,-13.8,-5.66,6559078.0,254522.0,100.0,15.3,1.69,17.3,0.38,,,21.03,4617852385.0,123459.0
119678,20140410,TWA00,加權指數,8964.34,8978.52,8898.3,8948.1,17.53,0.2,0.9,5357313.0,1009687.0,108677745.0,5.3,14.94,1.92,6550432.0,255329.0,100.0,15.4,1.69,17.4,0.43,,,20.29,5357312931.0,123459.0
121369,20140409,TWA00,加權指數,8912.39,8936.57,8912.39,8930.57,42.32,0.48,0.27,4660927.0,888681.0,92807229.0,5.2,3.52,-5.45,6550232.0,254816.0,100.0,15.4,1.69,17.3,0.36,,,19.91,4660927421.0,123459.0
123060,20140408,TWA00,加權指數,8878.88,8899.12,8860.7,8888.25,11.81,0.13,0.43,4502407.0,825246.0,95275152.0,5.5,-0.27,5.77,6550232.0,253603.0,100.0,15.3,1.68,17.3,0.38,,,21.16,4502406930.0,123459.0
124752,20140407,TWA00,加權指數,8844.91,8876.44,8828.59,8876.44,-12.1,-0.14,0.54,4514515.0,870392.0,95413006.0,5.2,-6.29,0.0,6549777.0,253264.0,100.0,15.3,1.68,17.2,0.38,,,21.13,4514514537.0,123459.0
126444,20140403,TWA00,加權指數,8902.94,8913.74,8871.16,8888.54,-16.91,-0.19,0.48,4817593.0,932825.0,98852884.0,5.2,-6.12,-3.7,6549777.0,253616.0,100.0,15.3,1.68,17.3,0.39,,,20.52,4817592891.0,123459.0
128136,20140402,TWA00,加權指數,8906.52,8922.79,8883.14,8905.45,32.3,0.36,0.45,5131399.0,949076.0,106911147.0,5.4,11.38,0.0,6551013.0,254079.0,100.0,15.3,1.68,17.3,0.42,,,20.83,5131398638.0,123459.0
129828,20140401,TWA00,加權指數,8847.34,8873.15,8826.16,8873.15,23.87,0.27,0.53,4607053.0,848323.0,91279429.0,5.4,12.94,3.85,6551013.0,253161.0,100.0,15.3,1.68,17.2,0.36,,,19.81,4607052896.0,123459.0
131523,20140530,TWA00,加權指數,9130.66,9139.57,9075.91,9075.91,-33.09,-0.36,0.7,5857534.0,949139.0,136800477.0,6.2,14.73,6.9,6573166.0,259954.0,100.0,15.4,1.72,17.5,0.53,,,23.35,5857533783.0,123459.0
133222,20140529,TWA00,加權指數,9123.46,9131.66,9093.57,9109.0,-12.71,-0.14,0.42,5105448.0,879995.0,103715112.0,5.8,-1.72,1.75,6572985.0,260843.0,100.0,15.5,1.73,17.6,0.4,,,20.31,5105447828.0,123459.0
134919,20140528,TWA00,加權指數,9072.04,9125.14,9069.89,9121.71,66.42,0.73,0.61,5194554.0,917288.0,102859395.0,5.7,17.03,0.0,6573032.0,261166.0,100.0,15.5,1.73,17.6,0.39,,,19.8,5194553851.0,123459.0
136616,20140527,TWA00,加權指數,9045.08,9059.19,9035.69,9055.29,19.17,0.21,0.26,4438751.0,775211.0,83471398.0,5.7,-3.52,1.79,6573010.0,259265.0,100.0,15.4,1.71,17.5,0.32,,,18.81,4438750946.0,123459.0
138313,20140526,TWA00,加權指數,9040.49,9053.75,9026.77,9036.12,27.9,0.31,0.3,4600515.0,818174.0,87209681.0,5.6,-4.93,-1.75,6573010.0,258709.0,100.0,15.3,1.71,17.4,0.34,,,18.96,4600514746.0,123459.0
140009,20140523,TWA00,加權指數,8960.79,9008.22,8960.79,9008.22,38.59,0.43,0.53,4838915.0,849015.0,97444632.0,5.7,6.87,1.79,6573293.0,257893.0,100.0,15.3,1.71,17.4,0.38,,,20.14,4838914556.0,123459.0
141705,20140522,TWA00,加權指數,8899.82,8969.63,8899.82,8969.63,107.21,1.21,0.79,4527962.0,803383.0,87463758.0,5.6,19.94,-1.75,6573284.0,256745.0,100.0,15.2,1.7,17.3,0.34,,,19.32,4527962179.0,123459.0
143401,20140521,TWA00,加權指數,8894.16,8905.04,8848.53,8862.42,-25.37,-0.29,0.64,3775280.0,667458.0,68577421.0,5.7,-7.91,-5.0,6573284.0,253670.0,100.0,15.0,1.68,17.1,0.27,,,18.16,3775280471.0,123459.0
145097,20140520,TWA00,加權指數,8922.08,8930.79,8887.79,8887.79,-12.11,-0.14,0.48,4099695.0,683633.0,79504061.0,6.0,1.36,-1.64,6573348.0,254388.0,100.0,15.1,1.68,17.1,0.31,,,19.39,4099695323.0,123459.0
146793,20140519,TWA00,加權指數,8901.54,8912.35,8877.46,8899.9,11.45,0.13,0.39,4044844.0,658159.0,74978031.0,6.1,1.51,8.93,6575284.0,254742.0,100.0,15.1,1.68,17.2,0.29,,,18.54,4044843857.0,123459.0
148489,20140516,TWA00,加權指數,8857.12,8896.72,8816.92,8888.45,7.8,0.09,0.9,3984610.0,711510.0,76841943.0,5.6,0.47,-1.75,6575275.0,254428.0,100.0,15.1,1.68,17.2,0.3,,,19.28,3984610339.0,123459.0
150185,20140515,TWA00,加權指數,8852.92,8880.65,8839.44,8880.65,5.49,0.06,0.46,3966012.0,698319.0,72472356.0,5.7,-11.6,3.64,6575275.0,254226.0,100.0,15.1,1.68,17.1,0.29,,,18.27,3966012173.0,123459.0
151881,20140514,TWA00,加權指數,8842.05,8875.16,8812.19,8875.16,57.22,0.65,0.71,4486473.0,816569.0,87378827.0,5.5,-1.36,1.85,6575275.0,254074.0,100.0,15.1,1.68,17.3,0.34,,,19.48,4486473462.0,123459.0
153576,20140513,TWA00,加權指數,8865.61,8886.66,8809.06,8817.94,9.33,0.11,0.88,4548207.0,842529.0,88966513.0,5.4,5.35,-5.26,6570244.0,252235.0,100.0,14.9,1.67,17.1,0.35,,,19.56,4548206919.0,123459.0
155271,20140512,TWA00,加權指數,8893.72,8898.31,8803.43,8808.61,-81.08,-0.91,1.07,4317055.0,763253.0,84877313.0,5.7,-10.46,5.56,6570244.0,251975.0,100.0,14.9,1.67,17.1,0.34,,,19.66,4317054663.0,123459.0
156965,20140509,TWA00,加權指數,8943.14,8945.63,8878.32,8889.69,-41.21,-0.46,0.75,4821345.0,892943.0,94876652.0,5.4,-4.31,-1.82,6570244.0,254274.0,100.0,15.1,1.68,17.3,0.37,,,19.68,4821345136.0,123459.0
158659,20140508,TWA00,加權指數,8925.21,8941.46,8891.74,8930.9,37.68,0.42,0.56,5038370.0,920449.0,101235342.0,5.5,0.26,-3.51,6570215.0,255481.0,100.0,15.1,1.69,17.4,0.4,,,20.09,5038369634.0,123459.0
160353,20140507,TWA00,加權指數,8903.72,8911.03,8856.98,8893.22,-19.17,-0.22,0.61,5025079.0,888972.0,100537784.0,5.7,-3.33,-3.39,6570215.0,254384.0,100.0,15.1,1.68,17.3,0.4,,,20.01,5025079398.0,123459.0
162047,20140506,TWA00,加權指數,8888.45,8927.39,8853.72,8912.39,41.96,0.47,0.83,5198269.0,879528.0,101398098.0,5.9,11.35,-1.67,6570215.0,254941.0,100.0,15.1,1.69,17.3,0.4,,,19.51,5198268910.0,123459.0
163742,20140505,TWA00,加權指數,8895.87,8911.08,8844.45,8870.43,3.11,0.04,0.75,4668597.0,782040.0,94144750.0,6.0,5.09,9.09,6570188.0,253726.0,100.0,15.0,1.68,17.2,0.37,,,20.17,4668596837.0,123459.0
165437,20140502,TWA00,加權指數,8846.86,8875.9,8839.92,8867.32,75.88,0.86,0.41,4442477.0,811529.0,98469814.0,5.5,-10.8,-3.51,6570113.0,253605.0,100.0,15.0,1.68,17.2,0.39,,,22.17,4442476718.0,123459.0
167133,20140630,TWA00,加權指數,9332.44,9393.07,9327.89,9393.07,86.24,0.93,0.7,5117718.0,842430.0,103042091.0,6.1,8.49,1.67,6576042.0,269247.0,100.0,16.0,1.81,18.0,0.38,,,20.13,5117717846.0,123459.0
168833,20140627,TWA00,加權指數,9316.89,9330.95,9303.57,9306.83,-14.11,-0.15,0.29,4717361.0,789903.0,95148293.0,6.0,-13.49,-1.64,6575366.0,266696.0,100.0,15.9,1.76,17.8,0.36,,,20.17,4717360894.0,123459.0
170533,20140626,TWA00,加權指數,9273.36,9320.94,9271.35,9320.94,78.78,0.85,0.54,5452724.0,900166.0,98471287.0,6.1,20.41,3.39,6575366.0,267123.0,100.0,15.9,1.77,17.9,0.37,,,18.06,5452723565.0,123459.0
172233,20140625,TWA00,加權指數,9250.13,9255.87,9229.8,9242.16,-4.04,-0.04,0.28,4528502.0,773201.0,87313051.0,5.9,1.48,3.51,6575366.0,264874.0,100.0,15.7,1.75,17.7,0.33,,,19.28,4528501538.0,123459.0
173933,20140624,TWA00,加權指數,9232.35,9276.24,9232.35,9246.2,17.85,0.19,0.48,4462634.0,776442.0,91152495.0,5.7,-16.72,5.56,6575401.0,264994.0,100.0,15.8,1.75,17.7,0.34,,,20.43,4462633728.0,123459.0
175633,20140623,TWA00,加權指數,9293.06,9302.65,9225.73,9228.35,-45.44,-0.49,0.83,5358399.0,992913.0,113055437.0,5.4,16.82,-8.47,6575338.0,264459.0,100.0,15.7,1.75,17.7,0.43,,,21.1,5358398855.0,123459.0
177333,20140620,TWA00,加權指數,9330.35,9339.83,9273.79,9273.79,-43.02,-0.46,0.71,4586760.0,782797.0,97693846.0,5.9,-5.25,0.0,6566374.0,265489.0,100.0,15.8,1.76,17.8,0.37,,,21.3,4586760315.0,123459.0
179033,20140619,TWA00,加權指數,9288.69,9324.4,9283.38,9316.81,36.88,0.4,0.44,4841052.0,821726.0,97848729.0,5.9,-19.42,15.69,6566374.0,266731.0,100.0,15.9,1.77,17.8,0.37,,,20.21,4841052113.0,123459.0
180733,20140618,TWA00,加權指數,9257.65,9316.64,9204.35,9279.93,39.33,0.43,1.22,6007972.0,1181697.0,130607569.0,5.1,18.68,-7.27,6566374.0,265670.0,100.0,15.8,1.76,17.8,0.49,,,21.74,6007971726.0,123459.0
182433,20140617,TWA00,加權指數,9223.02,9249.87,9200.86,9240.6,37.67,0.41,0.53,5062241.0,916751.0,102127206.0,5.5,5.64,-3.51,6566327.0,264566.0,100.0,15.7,1.75,17.7,0.39,,,20.17,5062240697.0,123459.0
184133,20140616,TWA00,加權指數,9196.23,9214.19,9179.56,9202.93,6.54,0.07,0.38,4792107.0,845461.0,97539020.0,5.7,3.21,5.56,6575061.0,263716.0,100.0,15.7,1.74,17.6,0.37,,,20.35,4792106525.0,123459.0
185833,20140613,TWA00,加權指數,9192.73,9207.74,9171.51,9196.39,-8.26,-0.09,0.39,4643188.0,861567.0,92140266.0,5.4,-12.76,-3.57,6574839.0,263477.0,100.0,15.7,1.74,17.6,0.35,,,19.84,4643188076.0,123459.0
187533,20140612,TWA00,加權指數,9209.99,9220.89,9186.79,9204.65,-25.15,-0.27,0.37,5322398.0,956939.0,100950249.0,5.6,4.11,1.82,6574839.0,263711.0,100.0,15.7,1.74,17.6,0.38,,,18.97,5322398114.0,123459.0
189232,20140611,TWA00,加權指數,9218.5,9229.8,9204.76,9229.8,7.43,0.08,0.27,5112245.0,925090.0,101778563.0,5.5,-1.87,-1.79,6574732.0,264446.0,100.0,15.7,1.75,17.7,0.38,,,19.91,5112244961.0,123459.0
190931,20140610,TWA00,加權指數,9181.9,9222.37,9171.75,9222.37,59.63,0.65,0.55,5209580.0,930562.0,104150196.0,5.6,1.12,-3.45,6575127.0,264223.0,100.0,15.7,1.75,17.7,0.39,,,19.99,5209580350.0,123459.0
192630,20140609,TWA00,加權指數,9153.93,9166.58,9138.93,9162.74,28.28,0.31,0.3,5151729.0,886585.0,101852759.0,5.8,-8.33,3.57,6575128.0,262530.0,100.0,15.6,1.74,17.6,0.39,,,19.77,5151728625.0,123459.0
194329,20140606,TWA00,加權指數,9167.83,9174.77,9122.56,9134.46,-6.26,-0.07,0.57,5619839.0,998171.0,113339024.0,5.6,-0.16,-1.75,6575188.0,261723.0,100.0,15.6,1.73,17.5,0.43,,,20.17,5619838960.0,123459.0
196028,20140605,TWA00,加權指數,9127.56,9140.72,9094.13,9140.72,20.76,0.23,0.51,5628569.0,988587.0,112567829.0,5.7,6.45,-1.72,6573188.0,261927.0,100.0,15.6,1.73,17.5,0.43,,,20.0,5628569067.0,123459.0
197727,20140604,TWA00,加權指數,9135.01,9140.55,9114.18,9119.96,-3.5,-0.04,0.29,5287758.0,905897.0,99550247.0,5.8,11.04,7.41,6573188.0,261282.0,100.0,15.5,1.73,17.5,0.38,,,18.83,5287757880.0,123459.0
199426,20140603,TWA00,加權指數,9106.61,9128.34,9070.45,9123.46,47.55,0.52,0.64,4762102.0,875480.0,102969628.0,5.4,-18.7,-12.9,6573188.0,261337.0,100.0,15.5,1.73,17.5,0.39,,,21.62,4762101548.0,123459.0
201138,20140731,TWA00,加權指數,9436.04,9438.97,9313.87,9315.85,-131.17,-1.39,1.32,6057370.0,880112.0,106616071.0,6.9,-2.22,2.99,6614864.0,267423.0,100.0,15.4,1.8,17.9,0.4,,,17.6,6057370054.0,123459.0
202840,20140730,TWA00,加權指數,9409.62,9456.03,9398.82,9447.02,55.14,0.59,0.61,6195045.0,931551.0,106661216.0,6.7,-17.23,9.84,6612238.0,271162.0,100.0,15.7,1.82,18.1,0.39,,,17.22,6195045121.0,123459.0
204542,20140729,TWA00,加權指數,9457.8,9483.75,9357.32,9391.88,-28.3,-0.3,1.34,7484382.0,1228195.0,134584829.0,6.1,27.07,-3.17,6612213.0,269579.0,100.0,15.6,1.81,18.0,0.5,,,17.98,7484381823.0,123459.0
206244,20140728,TWA00,加權指數,9387.89,9460.43,9385.56,9420.18,-19.11,-0.2,0.79,5889753.0,942014.0,110243584.0,6.3,0.41,1.61,6605060.0,270453.0,100.0,15.6,1.82,18.1,0.41,,,18.72,5889752834.0,123459.0
207946,20140725,TWA00,加權指數,9519.99,9528.7,9412.48,9439.29,-88.25,-0.93,1.22,5865851.0,940586.0,108131917.0,6.2,-3.84,-1.59,6603125.0,271021.0,100.0,15.7,1.82,18.1,0.4,,,18.43,5865850915.0,123459.0
209647,20140724,TWA00,加權指數,9508.26,9538.07,9483.52,9527.54,28.18,0.3,0.57,6100095.0,967237.0,120766981.0,6.3,16.38,1.61,6600463.0,273555.0,100.0,15.8,1.84,18.3,0.44,,,19.8,6100095427.0,123459.0
211347,20140722,TWA00,加權指數,9453.23,9499.36,9418.74,9499.36,58.39,0.62,0.85,5241713.0,849297.0,98396078.0,6.2,5.51,-1.59,6599975.0,272758.0,100.0,15.8,1.83,18.2,0.36,,,18.77,5241712651.0,123459.0
213046,20140721,TWA00,加權指數,9453.78,9480.14,9426.3,9440.97,40.0,0.43,0.57,4967975.0,793753.0,92121127.0,6.3,-8.57,-1.56,6593880.0,271013.0,100.0,15.7,1.82,18.1,0.34,,,18.54,4967974576.0,123459.0
214745,20140718,TWA00,加權指數,9335.38,9421.34,9335.38,9400.97,-7.27,-0.08,0.91,5433411.0,854695.0,102700113.0,6.4,-16.97,0.0,6593548.0,269877.0,100.0,15.6,1.81,18.0,0.38,,,18.9,5433411119.0,123459.0
216444,20140717,TWA00,加權指數,9420.11,9461.86,9373.87,9408.24,-76.49,-0.81,0.93,6543813.0,1028541.0,127983001.0,6.4,3.84,3.23,6593484.0,270094.0,100.0,15.6,1.82,18.1,0.47,,,19.56,6543813139.0,123459.0
218143,20140716,TWA00,加權指數,9570.33,9574.13,9471.65,9484.73,-84.44,-0.88,1.07,6302071.0,1017236.0,117111866.0,6.2,4.04,-3.13,6592965.0,272261.0,100.0,15.7,1.83,18.2,0.43,,,18.58,6302070654.0,123459.0
219842,20140715,TWA00,加權指數,9558.42,9593.68,9547.94,9569.17,48.87,0.51,0.48,6057223.0,952879.0,115183479.0,6.4,3.94,0.0,6584481.0,274568.0,100.0,15.9,1.85,18.4,0.42,,,19.02,6057222861.0,123459.0
221541,20140714,TWA00,加權指數,9497.81,9545.99,9488.12,9520.3,24.46,0.26,0.61,5827394.0,916714.0,112185088.0,6.4,-13.68,10.34,6583993.0,273157.0,100.0,15.8,1.84,18.3,0.41,,,19.25,5827394248.0,123459.0
223240,20140711,TWA00,加權指數,9561.71,9591.27,9478.07,9495.84,-69.28,-0.72,1.18,6751259.0,1171166.0,134613211.0,5.8,-0.63,-9.38,6584340.0,272455.0,100.0,15.7,1.83,18.2,0.49,,,19.94,6751259072.0,123459.0
224939,20140710,TWA00,加權指數,9512.89,9568.75,9512.89,9565.12,75.14,0.79,0.59,6793776.0,1057442.0,141179377.0,6.4,21.18,1.59,6578511.0,274378.0,100.0,15.8,1.85,18.3,0.51,,,20.78,6793776039.0,123459.0
226638,20140709,TWA00,加權指數,9510.0,9522.99,9478.76,9489.98,-41.0,-0.43,0.46,5606398.0,890207.0,102520937.0,6.3,-4.6,-3.08,6579598.0,272214.0,100.0,15.7,1.83,18.2,0.38,,,18.29,5606397682.0,123459.0
228336,20140708,TWA00,加權指數,9515.18,9540.57,9499.17,9530.98,10.78,0.11,0.43,5876461.0,903947.0,102506553.0,6.5,-2.94,-1.52,6577564.0,273263.0,100.0,15.8,1.84,18.3,0.38,,,17.44,5876461422.0,123459.0
230034,20140707,TWA00,加權指數,9497.27,9520.2,9454.67,9520.2,10.15,0.11,0.69,6054387.0,912959.0,111394304.0,6.6,-0.66,8.2,6577561.0,272963.0,100.0,15.8,1.84,18.3,0.41,,,18.4,6054387228.0,123459.0
231733,20140704,TWA00,加權指數,9525.93,9550.11,9482.94,9510.05,-16.18,-0.17,0.71,6094826.0,993056.0,118191559.0,6.1,-3.72,-6.15,6577004.0,272664.0,100.0,15.8,1.84,18.2,0.43,,,19.39,6094825781.0,123459.0
233433,20140703,TWA00,加權指數,9468.78,9538.65,9449.78,9526.23,41.27,0.44,0.94,6330502.0,970642.0,121898808.0,6.5,-18.97,4.84,6577004.0,273151.0,100.0,15.8,1.84,18.3,0.45,,,19.26,6330502291.0,123459.0
235133,20140702,TWA00,加權指數,9482.0,9547.05,9421.87,9484.96,43.04,0.46,1.33,7812593.0,1250911.0,153792278.0,6.2,29.1,1.64,6577036.0,271917.0,100.0,15.7,1.83,18.2,0.57,,,19.69,7812593115.0,123459.0
236833,20140701,TWA00,加權指數,9393.07,9463.06,9374.28,9441.92,48.85,0.52,0.95,6051790.0,989958.0,115473265.0,6.1,18.25,0.0,6577150.0,270651.0,100.0,15.6,1.82,18.1,0.43,,,19.08,6051789506.0,123459.0
238548,20140829,TWA00,加權指數,9459.81,9470.15,9425.35,9436.27,-42.1,-0.44,0.47,5227658.0,790117.0,90212662.0,6.6,-18.33,-7.04,6954467.0,273196.0,100.0,15.6,1.83,17.5,0.33,,,17.26,5227658257.0,123459.0
240266,20140828,TWA00,加權指數,9499.22,9502.42,9453.49,9478.37,-7.22,-0.08,0.52,6401169.0,899790.0,102287572.0,7.1,-0.56,18.33,6943018.0,274416.0,100.0,15.7,1.84,17.6,0.37,,,15.98,6401169322.0,123459.0
241984,20140827,TWA00,加權指數,9426.29,9491.75,9426.29,9485.59,91.63,0.98,0.7,6436920.0,1065282.0,116832285.0,6.0,21.28,-7.69,6919159.0,274545.0,100.0,15.7,1.84,17.6,0.43,,,18.15,6436920250.0,123459.0
243702,20140826,TWA00,加權指數,9394.28,9418.77,9386.49,9393.96,3.34,0.04,0.34,5307383.0,818095.0,93952768.0,6.5,8.22,4.84,6918275.0,271941.0,100.0,15.5,1.82,17.4,0.35,,,17.7,5307382588.0,123459.0
245418,20140825,TWA00,加權指數,9393.24,9409.35,9369.24,9390.62,10.52,0.11,0.43,4904479.0,784840.0,78042615.0,6.2,-13.26,3.33,6677705.0,269810.0,100.0,15.4,1.81,17.4,0.29,,,15.91,4904478521.0,123459.0
247130,20140822,TWA00,加權指數,9273.07,9380.6,9271.87,9380.1,126.72,1.37,1.18,5654010.0,941790.0,104530039.0,6.0,11.24,-9.09,6668353.0,269172.0,100.0,15.4,1.81,17.4,0.39,,,18.49,5654010017.0,123459.0
248842,20140821,TWA00,加權指數,9286.82,9289.02,9217.97,9253.38,-34.67,-0.37,0.76,5082832.0,771324.0,82751875.0,6.6,-4.73,4.76,6667793.0,265536.0,100.0,15.2,1.79,17.2,0.31,,,16.28,5082831905.0,123459.0
250554,20140820,TWA00,加權指數,9278.15,9294.49,9249.31,9288.05,44.27,0.48,0.49,5335291.0,841289.0,90879016.0,6.3,-3.29,-10.0,6655501.0,266525.0,100.0,15.2,1.79,17.2,0.34,,,17.03,5335290938.0,123459.0
252265,20140819,TWA00,加權指數,9188.63,9255.09,9188.63,9243.78,102.47,1.12,0.73,5516771.0,791894.0,90070711.0,7.0,17.09,9.38,6653135.0,265280.0,100.0,15.2,1.78,17.2,0.34,,,16.33,5516771123.0,123459.0
253976,20140818,TWA00,加權指數,9222.73,9222.73,9128.66,9141.31,-65.5,-0.71,1.02,4711582.0,737956.0,74218726.0,6.4,-0.46,-4.48,6642378.0,262360.0,100.0,15.0,1.76,17.0,0.28,,,15.75,4711582242.0,123459.0
255687,20140815,TWA00,加權指數,9243.67,9243.67,9172.91,9206.81,-23.8,-0.26,0.77,4733325.0,708196.0,75044101.0,6.7,-13.62,3.08,6642378.0,264234.0,100.0,15.1,1.78,17.1,0.28,,,15.85,4733325206.0,123459.0
257398,20140814,TWA00,加權指數,9276.41,9282.01,9218.55,9230.61,-0.7,-0.01,0.69,5479697.0,840458.0,91431684.0,6.5,3.11,-1.52,6642320.0,264918.0,100.0,15.2,1.78,17.1,0.35,,,16.69,5479696756.0,123459.0
259108,20140813,TWA00,加權指數,9155.02,9231.66,9147.14,9231.31,68.19,0.74,0.92,5314635.0,800992.0,86469671.0,6.6,-0.23,-2.94,6634903.0,264928.0,100.0,15.2,1.78,17.7,0.33,,,16.27,5314634929.0,123459.0
260819,20140812,TWA00,加權指數,9188.85,9198.1,9146.98,9163.12,-9.79,-0.11,0.56,5326813.0,780781.0,88935658.0,6.8,3.14,-4.23,6634448.0,262979.0,100.0,15.0,1.77,17.6,0.34,,,16.7,5326813251.0,123459.0
262530,20140811,TWA00,加權指數,9109.83,9184.96,9107.21,9172.91,86.95,0.96,0.86,5164710.0,730792.0,84908793.0,7.1,-1.97,7.58,6632288.0,263241.0,100.0,15.1,1.77,17.6,0.32,,,16.44,5164710114.0,123459.0
264243,20140808,TWA00,加權指數,9120.2,9120.2,9014.89,9085.96,-45.48,-0.5,1.15,5268325.0,797591.0,88889551.0,6.6,-0.36,-7.04,6632121.0,260715.0,100.0,14.9,1.75,17.4,0.34,,,16.87,5268324935.0,123459.0
265954,20140807,TWA00,加權指數,9162.65,9172.88,9108.85,9131.44,-12.53,-0.14,0.7,5287334.0,747614.0,84469952.0,7.1,-18.9,4.41,6631850.0,262062.0,100.0,15.0,1.76,17.5,0.32,,,15.98,5287334461.0,123459.0
267665,20140806,TWA00,加權指數,9148.36,9163.81,9070.09,9143.97,2.53,0.03,1.03,6519700.0,963480.0,109043216.0,6.8,6.12,4.62,6628375.0,262475.0,100.0,15.0,1.76,17.5,0.42,,,16.73,6519699737.0,123459.0
269376,20140805,TWA00,加權指數,9316.82,9316.82,9141.44,9141.44,-188.75,-2.02,1.88,6143561.0,950718.0,109308145.0,6.5,15.39,-2.99,6626349.0,262421.0,100.0,15.0,1.76,17.5,0.42,,,17.79,6143560812.0,123459.0
271087,20140804,TWA00,加權指數,9280.29,9330.19,9258.18,9330.19,63.68,0.69,0.78,5324203.0,796371.0,90657362.0,6.7,-10.6,-2.9,6623954.0,267848.0,100.0,15.3,1.8,17.9,0.34,,,17.03,5324203289.0,123459.0
272798,20140801,TWA00,加權指數,9223.75,9274.64,9201.83,9266.51,-49.34,-0.53,0.78,5955410.0,862571.0,103884640.0,6.9,-1.68,0.0,6621399.0,266006.0,100.0,15.2,1.79,17.8,0.39,,,17.44,5955410437.0,123459.0
274519,20140930,TWA00,加權指數,8954.58,8998.83,8860.17,8966.92,6.16,0.07,1.55,6193566.0,900500.0,103017796.0,6.9,39.3,2.99,6717693.0,257666.0,100.0,14.9,1.68,16.2,0.4,,,16.63,6193566261.0,123459.0
276242,20140929,TWA00,加權指數,9018.46,9018.46,8948.09,8960.76,-29.06,-0.32,0.78,4446051.0,666510.0,83837610.0,6.7,-11.8,-6.94,6716548.0,257418.0,100.0,14.9,1.73,16.2,0.33,,,18.86,4446051375.0,123459.0
277965,20140926,TWA00,加權指數,8957.56,9001.98,8913.51,8989.82,-21.77,-0.24,0.98,5041065.0,701337.0,85543865.0,7.2,-11.33,4.35,6716638.0,258251.0,100.0,14.9,1.74,16.2,0.33,,,16.97,5041065363.0,123459.0
279688,20140925,TWA00,加權指數,9126.76,9149.41,8982.51,9011.59,-86.9,-0.96,1.83,5684973.0,822695.0,92680252.0,6.9,14.1,-4.17,6716402.0,258850.0,100.0,14.9,1.74,16.3,0.36,,,16.3,5684972801.0,123459.0
281412,20140924,TWA00,加權指數,9071.8,9123.11,9071.8,9098.49,13.59,0.15,0.56,4982651.0,695929.0,80049272.0,7.2,0.99,-1.37,6715762.0,261294.0,100.0,15.1,1.76,16.4,0.31,,,16.07,4982650538.0,123459.0
283136,20140923,TWA00,加權指數,9134.29,9147.21,9084.9,9084.9,-49.75,-0.54,0.68,4934030.0,672519.0,83575591.0,7.3,6.58,15.87,6710454.0,260914.0,100.0,15.1,1.75,16.4,0.32,,,16.94,4934030460.0,123459.0
284860,20140922,TWA00,加權指數,9220.54,9220.54,9106.27,9134.65,-105.8,-1.14,1.24,4629289.0,736914.0,79055693.0,6.3,2.29,-4.55,6710454.0,262336.0,100.0,15.1,1.76,16.5,0.3,,,17.08,4629288675.0,123459.0
286584,20140919,TWA00,加權指數,9268.44,9289.22,9235.44,9240.45,3.42,0.04,0.58,4525670.0,684393.0,80552037.0,6.6,3.64,0.0,6710269.0,265382.0,100.0,15.3,1.78,16.7,0.3,,,17.8,4525669609.0,123459.0
288310,20140918,TWA00,加權指數,9211.8,9237.88,9201.91,9237.03,41.86,0.46,0.39,4366794.0,661241.0,69997859.0,6.6,-14.54,6.45,6710269.0,265275.0,100.0,15.3,1.78,16.7,0.26,,,16.03,4366794038.0,123459.0
290033,20140917,TWA00,加權指數,9171.04,9252.38,9159.85,9195.17,61.77,0.68,1.01,5109497.0,830107.0,82189781.0,6.2,8.89,-11.43,6704926.0,264080.0,100.0,15.2,1.78,16.6,0.31,,,16.09,5109496556.0,123459.0
291756,20140916,TWA00,加權指數,9218.85,9219.42,9133.4,9133.4,-84.06,-0.91,0.93,4692152.0,666342.0,69413585.0,7.0,11.81,4.48,6703050.0,262262.0,100.0,15.1,1.76,16.5,0.26,,,14.79,4692151585.0,123459.0
293479,20140915,TWA00,加權指數,9206.41,9242.23,9175.61,9217.46,-5.72,-0.06,0.72,4196418.0,629668.0,66977594.0,6.7,-17.67,-2.9,6703050.0,264680.0,100.0,15.3,1.78,16.6,0.25,,,15.96,4196418019.0,123459.0
295200,20140912,TWA00,加權指數,9324.74,9333.28,9223.18,9223.18,-99.77,-1.07,1.18,5096883.0,734376.0,81328099.0,6.9,11.8,7.81,6700880.0,264854.0,100.0,15.3,1.78,16.7,0.31,,,15.96,5096883454.0,123459.0
296921,20140911,TWA00,加權指數,9376.38,9381.05,9322.95,9322.95,-34.66,-0.37,0.62,4558951.0,708118.0,72632819.0,6.4,-4.77,0.0,6700756.0,267720.0,100.0,15.4,1.8,16.8,0.27,,,15.93,4558951480.0,123459.0
298642,20140910,TWA00,加權指數,9410.62,9410.62,9309.05,9357.61,-77.16,-0.82,1.08,4787467.0,744314.0,78731119.0,6.4,8.03,1.59,6700756.0,268707.0,100.0,15.5,1.81,16.9,0.29,,,16.45,4787466810.0,123459.0
300364,20140909,TWA00,加權指數,9452.14,9465.93,9426.99,9434.77,26.83,0.29,0.41,4431791.0,698952.0,79759709.0,6.3,3.38,-4.55,6701487.0,270950.0,100.0,15.6,1.82,17.0,0.29,,,18.0,4431791410.0,123459.0
302086,20140905,TWA00,加權指數,9446.45,9451.39,9365.7,9407.94,-20.95,-0.22,0.91,4286784.0,650002.0,73632329.0,6.6,-7.78,0.0,6940792.0,272161.0,100.0,15.7,1.83,17.0,0.27,,,17.18,4286784006.0,123459.0
303808,20140904,TWA00,加權指數,9439.76,9439.76,9389.29,9428.89,-21.46,-0.23,0.53,4648234.0,700361.0,74875312.0,6.6,-12.84,-2.94,6940791.0,272747.0,100.0,15.7,1.83,17.0,0.27,,,16.11,4648234472.0,123459.0
305530,20140903,TWA00,加權指數,9434.88,9455.78,9396.79,9450.35,50.63,0.54,0.63,5333116.0,787890.0,89285968.0,6.8,-3.02,3.03,6940225.0,273339.0,100.0,15.8,1.84,17.1,0.33,,,16.74,5333115571.0,123459.0
307252,20140902,TWA00,加權指數,9503.65,9503.65,9388.13,9399.72,-113.34,-1.19,1.21,5498915.0,828408.0,89442668.0,6.6,6.33,1.54,6940118.0,271899.0,100.0,15.7,1.83,17.0,0.33,,,16.27,5498915476.0,123459.0
308975,20140901,TWA00,加權指數,9474.41,9532.66,9472.96,9513.06,76.79,0.81,0.63,5171497.0,796000.0,88579821.0,6.5,-1.07,-1.52,6955320.0,275392.0,100.0,15.9,1.85,17.2,0.32,,,17.13,5171496552.0,123459.0
310718,20141031,TWA00,加權指數,8909.34,8974.76,8885.21,8974.76,86.69,0.98,1.01,5582825.0,743692.0,86809245.0,7.5,2.59,-1.32,6683303.0,257673.0,100.0,14.8,1.68,16.1,0.34,,,15.55,5582825319.0,123459.0
312460,20141030,TWA00,加權指數,8890.19,8892.99,8842.8,8888.07,-15.61,-0.18,0.56,5441825.0,714534.0,81677194.0,7.6,-10.85,5.56,6683506.0,255183.0,100.0,14.7,1.66,15.9,0.32,,,15.01,5441824954.0,123459.0
314202,20141029,TWA00,加權指數,8821.85,8903.68,8821.85,8903.68,130.13,1.48,0.93,6104013.0,849628.0,95821743.0,7.2,13.65,7.46,6683506.0,255653.0,100.0,14.7,1.67,16.0,0.37,,,15.7,6104013163.0,123459.0
315944,20141028,TWA00,加權指數,8692.52,8788.28,8692.52,8773.55,145.77,1.69,1.11,5370694.0,796134.0,85914477.0,6.7,24.86,3.08,6683506.0,251890.0,100.0,14.5,1.64,15.7,0.34,,,16.0,5370693841.0,123459.0
317683,20141027,TWA00,加權指數,8671.51,8689.67,8607.23,8627.78,-18.23,-0.21,0.95,4301205.0,659938.0,67140139.0,6.5,-1.69,-1.52,6682909.0,247615.0,100.0,14.2,1.62,15.5,0.27,,,15.61,4301205022.0,123459.0
319422,20141024,TWA00,加權指數,8740.28,8750.42,8629.24,8646.01,-85.06,-0.97,1.39,4374971.0,664424.0,67802334.0,6.6,-5.57,-13.16,6682909.0,248162.0,100.0,14.3,1.62,15.5,0.27,,,15.5,4374970829.0,123459.0
321160,20141023,TWA00,加權指數,8735.38,8751.67,8714.88,8731.07,-17.76,-0.2,0.42,4633009.0,606462.0,62495213.0,7.6,-14.71,5.56,6683902.0,250616.0,100.0,14.4,1.63,15.6,0.25,,,13.49,4633009422.0,123459.0
322899,20141022,TWA00,加權指數,8744.91,8775.35,8729.77,8748.83,94.19,1.09,0.53,5432112.0,758982.0,82817005.0,7.2,25.11,5.88,6683902.0,251115.0,100.0,14.4,1.64,15.7,0.33,,,15.25,5432111982.0,123459.0
324638,20141021,TWA00,加權指數,8676.32,8676.32,8636.67,8654.64,-8.5,-0.1,0.46,4341868.0,638037.0,64351073.0,6.8,-13.39,3.03,6683902.0,248422.0,100.0,14.3,1.62,15.5,0.26,,,14.82,4341868278.0,123459.0
326377,20141020,TWA00,加權指數,8617.08,8679.85,8611.17,8663.14,150.26,1.77,0.81,5013329.0,764870.0,78717615.0,6.6,-24.64,0.0,6683905.0,248667.0,100.0,14.3,1.62,15.5,0.32,,,15.7,5013329208.0,123459.0
328113,20141017,TWA00,加權指數,8688.71,8699.77,8512.88,8512.88,-120.81,-1.4,2.16,6652489.0,1012031.0,123711896.0,6.6,-0.68,-1.49,6686898.0,244368.0,100.0,14.1,1.59,15.3,0.51,,,18.6,6652488562.0,123459.0
329850,20141016,TWA00,加權指數,8602.65,8676.46,8501.29,8633.69,-21.82,-0.25,2.02,6698123.0,1004584.0,108248624.0,6.7,11.54,3.08,6687029.0,247870.0,100.0,14.3,1.62,15.5,0.44,,,16.16,6698123047.0,123459.0
331585,20141015,TWA00,加權指數,8769.39,8776.91,8635.41,8655.51,-112.88,-1.29,1.61,6005061.0,924229.0,106443208.0,6.5,29.08,-1.52,6687169.0,248435.0,100.0,14.3,1.62,15.5,0.43,,,17.73,6005060623.0,123459.0
333321,20141014,TWA00,加權指數,8691.83,8768.39,8684.19,8768.39,57.0,0.65,0.97,4652183.0,699832.0,74418282.0,6.6,-18.76,3.13,6687198.0,251665.0,100.0,14.5,1.64,15.7,0.3,,,16.0,4652183097.0,123459.0
335054,20141013,TWA00,加權指數,8767.42,8795.77,8711.39,8711.39,-255.05,-2.84,0.94,5726697.0,897634.0,102724884.0,6.4,17.79,-1.54,6707490.0,250142.0,100.0,14.4,1.63,15.8,0.41,,,17.94,5726697023.0,123459.0
336784,20141009,TWA00,加權指數,9021.31,9054.67,8946.16,8966.44,11.26,0.13,1.21,4861749.0,745335.0,85354410.0,6.5,6.43,-5.8,6706840.0,257480.0,100.0,14.9,1.68,16.2,0.33,,,17.56,4861748983.0,123459.0
338511,20141008,TWA00,加權指數,8989.99,9038.61,8955.18,8955.18,-85.63,-0.95,0.92,4567863.0,659181.0,74408496.0,6.9,0.24,6.15,6723073.0,257346.0,100.0,14.9,1.68,16.2,0.29,,,16.29,4567862715.0,123459.0
340239,20141007,TWA00,加權指數,9065.67,9074.8,8993.45,9040.81,-54.33,-0.6,0.89,4557084.0,705120.0,75752723.0,6.5,-1.8,-1.52,6723060.0,259807.0,100.0,15.0,1.69,16.4,0.29,,,16.62,4557083633.0,123459.0
341966,20141006,TWA00,加權指數,9118.28,9122.54,9065.34,9095.14,-11.14,-0.12,0.63,4640658.0,698068.0,80278732.0,6.6,-10.1,-4.35,6717209.0,261310.0,100.0,15.1,1.7,16.4,0.31,,,17.3,4640657807.0,123459.0
343693,20141003,TWA00,加權指數,9010.3,9113.8,8998.27,9106.28,131.09,1.46,1.29,5162135.0,747401.0,82893679.0,6.9,5.37,4.55,6717602.0,261678.0,100.0,15.1,1.71,16.4,0.32,,,16.06,5162135351.0,123459.0
345418,20141002,TWA00,加權指數,8959.37,9010.27,8913.01,8975.19,-15.07,-0.17,1.08,4898848.0,740692.0,76288246.0,6.6,-4.45,-7.04,6717743.0,257930.0,100.0,14.9,1.68,16.2,0.3,,,15.57,4898848303.0,123459.0
347144,20141001,TWA00,加權指數,8958.87,9014.26,8918.96,8990.26,23.34,0.26,1.06,5127145.0,718686.0,79131756.0,7.1,-17.22,2.9,6717743.0,258330.0,100.0,14.9,1.68,16.2,0.31,,,15.43,5127144646.0,123459.0
348900,20141128,TWA00,加權指數,9163.19,9201.8,9158.28,9187.15,21.84,0.24,0.47,4432054.0,638505.0,71393669.0,6.9,-17.94,-11.54,6698213.0,265311.0,100.0,14.8,1.73,15.3,0.27,,,16.11,4432053616.0,123459.0
350654,20141127,TWA00,加權指數,9153.49,9217.73,9153.49,9165.31,42.92,0.47,0.7,5400689.0,694157.0,83723879.0,7.8,8.19,4.0,6698431.0,264643.0,100.0,14.7,1.72,15.2,0.32,,,15.5,5400688686.0,123459.0
352406,20141126,TWA00,加權指數,9125.08,9146.04,9112.19,9122.39,6.15,0.07,0.37,4991900.0,662404.0,75508499.0,7.5,0.87,5.63,6698431.0,263394.0,100.0,14.7,1.71,15.2,0.29,,,15.13,4991899670.0,123459.0
354157,20141125,TWA00,加權指數,9125.27,9153.55,9098.32,9116.24,-6.09,-0.07,0.61,4948630.0,692344.0,88932595.0,7.1,6.29,5.97,6699774.0,263221.0,100.0,14.6,1.71,15.1,0.34,,,17.97,4948629642.0,123459.0
355907,20141124,TWA00,加權指數,9144.42,9165.71,9104.54,9122.33,30.8,0.34,0.67,4655962.0,693863.0,76610680.0,6.7,-4.71,-4.29,6699770.0,263374.0,100.0,14.7,1.71,15.2,0.29,,,16.45,4655961899.0,123459.0
357657,20141121,TWA00,加權指數,9104.34,9111.18,9071.86,9091.53,12.66,0.14,0.43,4886182.0,702475.0,79675661.0,7.0,-16.68,-6.67,6699706.0,262500.0,100.0,14.6,1.71,15.1,0.3,,,16.31,4886182162.0,123459.0
359406,20141120,TWA00,加權指數,8984.93,9078.87,8984.93,9078.87,115.63,1.29,1.05,5864029.0,780482.0,92422607.0,7.5,6.24,0.0,6700659.0,262115.0,100.0,14.6,1.71,15.1,0.35,,,15.76,5864029173.0,123459.0
361155,20141119,TWA00,加權指數,8896.16,8988.64,8879.29,8963.24,104.17,1.18,1.23,5519350.0,737600.0,93503337.0,7.5,3.62,7.14,6700629.0,258761.0,100.0,14.4,1.68,14.9,0.36,,,16.94,5519350213.0,123459.0
362904,20141118,TWA00,加權指數,8916.08,8944.26,8828.15,8859.07,-25.32,-0.28,1.31,5326764.0,766077.0,79528328.0,7.0,10.04,1.45,6681853.0,254343.0,100.0,14.3,1.66,14.8,0.31,,,14.93,5326764357.0,123459.0
364655,20141117,TWA00,加權指數,9003.37,9024.0,8878.38,8884.39,-98.49,-1.1,1.62,4840818.0,699316.0,74018579.0,6.9,-0.07,-6.76,6683759.0,255050.0,100.0,14.4,1.66,14.9,0.29,,,15.29,4840817666.0,123459.0
366406,20141114,TWA00,加權指數,8992.4,8996.38,8950.23,8982.88,2.21,0.02,0.51,4844187.0,653197.0,74958311.0,7.4,-2.83,-7.5,6683768.0,257904.0,100.0,14.5,1.68,15.1,0.29,,,15.47,4844187009.0,123459.0
368156,20141113,TWA00,加權指數,8947.97,8980.67,8927.09,8980.67,61.72,0.69,0.6,4985468.0,623304.0,70199452.0,8.0,-8.1,6.67,6684175.0,257837.0,100.0,14.5,1.68,16.1,0.27,,,14.08,4985468017.0,123459.0
369908,20141112,TWA00,加權指數,9030.13,9030.13,8894.11,8918.95,-115.19,-1.28,1.51,5424890.0,726107.0,78739406.0,7.5,-1.41,-3.85,6684175.0,256075.0,100.0,14.4,1.67,16.0,0.31,,,14.51,5424889807.0,123459.0
371654,20141111,TWA00,加權指數,9067.54,9069.44,9021.54,9034.14,-15.84,-0.18,0.53,5502242.0,701933.0,77414574.0,7.8,-2.84,2.63,6684234.0,259382.0,100.0,14.6,1.69,16.2,0.3,,,14.07,5502241947.0,123459.0
373400,20141110,TWA00,加權指數,8937.59,9062.89,8937.59,9049.98,137.36,1.54,1.41,5663033.0,748493.0,85922296.0,7.6,14.12,-7.32,6684074.0,259835.0,100.0,14.6,1.69,16.2,0.33,,,15.17,5663032652.0,123459.0
375144,20141107,TWA00,加權指數,8881.19,8925.62,8867.78,8912.62,21.6,0.24,0.65,4962152.0,607589.0,68784946.0,8.2,-4.75,6.49,6684846.0,255926.0,100.0,14.4,1.67,16.0,0.27,,,13.86,4962152289.0,123459.0
376888,20141106,TWA00,加權指數,8968.79,8979.97,8887.36,8891.02,-71.58,-0.8,1.03,5209449.0,674975.0,73146678.0,7.7,4.87,2.67,6683893.0,255282.0,100.0,14.4,1.67,15.9,0.29,,,14.04,5209449351.0,123459.0
378633,20141105,TWA00,加權指數,8997.76,9013.06,8941.18,8962.6,-26.58,-0.3,0.8,4967488.0,666384.0,70914589.0,7.5,-4.34,1.35,6680549.0,257345.0,100.0,14.5,1.68,16.1,0.28,,,14.28,4967487969.0,123459.0
380378,20141104,TWA00,加權指數,9030.96,9046.22,8980.96,8989.18,-15.68,-0.17,0.72,5192642.0,701821.0,75729149.0,7.4,-10.06,7.25,6681559.0,258099.0,100.0,14.5,1.68,16.1,0.29,,,14.58,5192642440.0,123459.0
382123,20141103,TWA00,加權指數,9009.38,9029.71,8965.5,9004.86,30.1,0.34,0.72,5773707.0,841578.0,90568346.0,6.9,3.42,-8.0,6682055.0,258531.0,100.0,14.6,1.69,16.1,0.35,,,15.69,5773707055.0,123459.0
383901,20141217,TWA00,加權指數,8961.64,8972.12,8826.03,8828.36,-122.55,-1.37,1.63,5997169.0,975032.0,109763897.0,6.2,18.64,3.33,6705916.0,255143.0,100.0,14.2,1.66,14.4,0.43,,,18.3,5997169149.0,123459.0
385678,20141216,TWA00,加權指數,8967.82,9031.07,8950.91,8950.91,-34.72,-0.39,0.89,5054854.0,837314.0,87561592.0,6.0,14.88,-6.25,6705916.0,258676.0,100.0,14.4,1.68,14.6,0.34,,,17.32,5054853669.0,123459.0
387455,20141215,TWA00,加權指數,8987.95,8997.08,8943.04,8985.63,-41.7,-0.46,0.6,4400222.0,688922.0,77228331.0,6.4,-7.03,-4.48,6705996.0,259688.0,100.0,14.4,1.69,14.7,0.3,,,17.55,4400221515.0,123459.0
389230,20141212,TWA00,加權指數,9041.54,9084.27,9022.56,9027.33,14.26,0.16,0.68,4733158.0,705454.0,77597577.0,6.7,-11.03,-11.84,6705996.0,260874.0,100.0,14.5,1.7,14.8,0.3,,,16.39,4733158431.0,123459.0
391005,20141211,TWA00,加權指數,9003.84,9046.4,8971.53,9013.07,-19.09,-0.21,0.83,5320110.0,701444.0,81253769.0,7.6,-9.79,11.76,6705996.0,260472.0,100.0,14.5,1.69,14.7,0.31,,,15.27,5320109967.0,123459.0
392770,20141210,TWA00,加權指數,9115.33,9140.49,9015.52,9032.16,-96.74,-1.06,1.37,5897699.0,869493.0,92610489.0,6.8,9.77,-1.45,6699996.0,260923.0,100.0,14.5,1.7,14.8,0.35,,,15.7,5897698926.0,123459.0
394534,20141209,TWA00,加權指數,9163.43,9177.14,9127.12,9128.9,-58.39,-0.64,0.54,5373020.0,776684.0,87965860.0,6.9,-2.21,4.55,6700596.0,263710.0,100.0,14.7,1.72,14.9,0.33,,,16.37,5373019925.0,123459.0
396297,20141208,TWA00,加權指數,9231.24,9241.63,9174.51,9187.29,-19.28,-0.21,0.73,5494254.0,837558.0,92575845.0,6.6,-8.35,-1.49,6699864.0,265399.0,100.0,14.8,1.73,15.0,0.35,,,16.85,5494254256.0,123459.0
398060,20141205,TWA00,加權指數,9220.25,9240.51,9192.29,9206.57,-18.54,-0.2,0.52,5994963.0,894802.0,99701173.0,6.7,-10.11,-5.63,6699824.0,265960.0,100.0,14.8,1.73,15.0,0.37,,,16.63,5994963162.0,123459.0
399817,20141204,TWA00,加權指數,9212.85,9251.85,9195.15,9225.11,49.85,0.54,0.62,6669076.0,934271.0,104549596.0,7.1,-3.08,4.41,6699824.0,266501.0,100.0,14.8,1.73,15.1,0.39,,,15.68,6669075646.0,123459.0
401572,20141203,TWA00,加權指數,9073.47,9188.32,9045.2,9175.26,140.47,1.55,1.58,6881013.0,1012469.0,115882833.0,6.8,19.98,4.62,6699347.0,265024.0,100.0,14.8,1.72,15.0,0.44,,,16.84,6881013098.0,123459.0
403327,20141202,TWA00,加權指數,9098.36,9104.84,9009.69,9034.79,-82.92,-0.91,1.04,5735001.0,878386.0,98022196.0,6.5,7.66,-4.41,6699514.0,260972.0,100.0,14.5,1.7,14.8,0.38,,,17.09,5735000868.0,123459.0
405083,20141201,TWA00,加權指數,9038.41,9164.54,8998.55,9117.71,-69.44,-0.76,1.81,5326845.0,778169.0,90109351.0,6.8,20.19,-1.45,6699514.0,263371.0,100.0,14.7,1.71,14.9,0.34,,,16.92,5326844948.0,123459.0
